PSNR,init_snr,init_sd,iter,sum
-4.0558642286889475,-2.0,25.0,0.0,175620728.98448306
-4.0595958360230515,-2.0,25.0,8.0,175748160.0
-4.058381852195218,-2.0,25.0,16.0,175778864.0
-4.057025046548422,-2.0,25.0,32.0,175801056.0
-4.054818959433262,-2.0,25.0,64.0,175798224.0
-4.051653806695632,-2.0,25.0,128.0,175774000.0
-4.0486325276977775,-2.0,25.0,256.0,175749888.0
-4.046423027511485,-2.0,25.0,512.0,175736096.0
-4.044526013718425,-2.0,25.0,1024.0,175726000.0
-4.055922249891414,-2.0,20.0,0.0,175621805.33366844
-4.0596529663458885,-2.0,20.0,8.0,175749296.0
-4.058446248339125,-2.0,20.0,16.0,175780112.0
-4.057103540413346,-2.0,20.0,32.0,175802512.0
-4.054917980011449,-2.0,20.0,64.0,175800064.0
-4.051790058671749,-2.0,20.0,128.0,175776448.0
-4.04882742963901,-2.0,20.0,256.0,175753264.0
-4.046690296562146,-2.0,20.0,512.0,175740496.0
-4.04487468156046,-2.0,20.0,1024.0,175731344.0
-4.055916430695998,-2.0,15.0,0.0,175621612.7197949
-4.059619285127086,-2.0,15.0,8.0,175748512.0
-4.058410851901383,-2.0,15.0,16.0,175779200.0
-4.0570843436752595,-2.0,15.0,32.0,175801776.0
-4.054946576051384,-2.0,15.0,64.0,175799936.0
-4.05188316884874,-2.0,15.0,128.0,175777200.0
-4.048986422113015,-2.0,15.0,256.0,175754816.0
-4.046956693983718,-2.0,15.0,512.0,175743168.0
-4.045381162644327,-2.0,15.0,1024.0,175736496.0
-4.055618990993119,-2.0,10.0,0.0,175614688.9298535
-4.059386493865636,-2.0,10.0,8.0,175743472.0
-4.058161362802013,-2.0,10.0,16.0,175773792.0
-4.056772064818678,-2.0,10.0,32.0,175795152.0
-4.0545406653747476,-2.0,10.0,64.0,175791280.0
-4.051385561473503,-2.0,10.0,128.0,175765808.0
-4.048445311018176,-2.0,10.0,256.0,175740336.0
-4.046450824259112,-2.0,10.0,512.0,175724992.0
-4.0450539244401496,-2.0,10.0,1024.0,175713216.0
-4.056623480657206,-2.0,5.0,0.0,175632357.16075397
-4.060204619006031,-2.0,5.0,8.0,175759744.0
-4.058901685198296,-2.0,5.0,16.0,175788240.0
-4.057428592295117,-2.0,5.0,32.0,175807376.0
-4.055139487699577,-2.0,5.0,64.0,175801120.0
-4.052009590480926,-2.0,5.0,128.0,175773200.0
-4.0492966971132525,-2.0,5.0,256.0,175745408.0
-4.047970821643204,-2.0,5.0,512.0,175729728.0
-4.048051189256048,-2.0,5.0,1024.0,175720592.0
-4.056476701246782,-2.0,2.0,0.0,175626355.1324256
-4.059774898700325,-2.0,2.0,8.0,175751392.0
-4.058528554603115,-2.0,2.0,16.0,175780560.0
-4.057192270900181,-2.0,2.0,32.0,175800752.0
-4.055070774577324,-2.0,2.0,64.0,175794592.0
-4.052147539617249,-2.0,2.0,128.0,175765472.0
-4.049774460170826,-2.0,2.0,256.0,175735312.0
-4.049152674146671,-2.0,2.0,512.0,175715904.0
-4.050866109607031,-2.0,2.0,1024.0,175701776.0
-4.054660487421094,-2.0,0.0,0.0,175589643.08352864
-4.058138758808005,-2.0,0.0,8.0,175719248.0
-4.056935459425522,-2.0,0.0,16.0,175749184.0
-4.05559271099743,-2.0,0.0,32.0,175769072.0
-4.053470432966532,-2.0,0.0,64.0,175761968.0
-4.050740509121159,-2.0,0.0,128.0,175733232.0
-4.049128313706786,-2.0,0.0,256.0,175708272.0
-4.050067587515026,-2.0,0.0,512.0,175699184.0
-4.054465113143026,-2.0,0.0,1024.0,175698400.0
-2.1175388686384595,-1.0,25.0,0.0,140900940.15091944
-2.121227218235932,-1.0,25.0,8.0,141027808.0
-2.11878392582311,-1.0,25.0,16.0,141058304.0
-2.11624755208287,-1.0,25.0,32.0,141080448.0
-2.1127866537140574,-1.0,25.0,64.0,141077808.0
-2.1081554664110898,-1.0,25.0,128.0,141053568.0
-2.1037022802858667,-1.0,25.0,256.0,141028832.0
-2.1003361296879377,-1.0,25.0,512.0,141014096.0
-2.0974128467248425,-1.0,25.0,1024.0,141003040.0
-2.1175244227102388,-1.0,20.0,0.0,140900590.11944523
-2.1211965731416327,-1.0,20.0,8.0,141027456.0
-2.1187585960796955,-1.0,20.0,16.0,141058048.0
-2.11622487539535,-1.0,20.0,32.0,141080192.0
-2.11277297011943,-1.0,20.0,64.0,141077568.0
-2.1081694986628,-1.0,20.0,128.0,141053568.0
-2.10376682760034,-1.0,20.0,256.0,141029312.0
-2.10046063773633,-1.0,20.0,512.0,141014864.0
-2.097614804349404,-1.0,20.0,1024.0,141003712.0
-2.1176900981552063,-1.0,15.0,0.0,140903147.02291486
-2.1213761103447317,-1.0,15.0,8.0,141030240.0
-2.118922570222306,-1.0,15.0,16.0,141060560.0
-2.116376273388944,-1.0,15.0,32.0,141082528.0
-2.112902795659324,-1.0,15.0,64.0,141079664.0
-2.1082754072906145,-1.0,15.0,128.0,141055296.0
-2.1038741813717894,-1.0,15.0,256.0,141030736.0
-2.1006119169057373,-1.0,15.0,512.0,141016000.0
-2.0978656474263415,-1.0,15.0,1024.0,141004224.0
-2.1178894524167244,-1.0,10.0,0.0,140906035.9414776
-2.1215403187646307,-1.0,10.0,8.0,141032896.0
-2.1191321948148505,-1.0,10.0,16.0,141064016.0
-2.116679053543543,-1.0,10.0,32.0,141087392.0
-2.1133529832139737,-1.0,10.0,64.0,141086480.0
-2.1089171516510365,-1.0,10.0,128.0,141064048.0
-2.1047653493243508,-1.0,10.0,256.0,141040864.0
-2.101927020383227,-1.0,10.0,512.0,141027552.0
-2.100038567769297,-1.0,10.0,1024.0,141018720.0
-2.1178092045817425,-1.0,5.0,0.0,140901038.8973494
-2.121343467768944,-1.0,5.0,8.0,141028736.0
-2.118937900821603,-1.0,5.0,16.0,141059328.0
-2.116440632611311,-1.0,5.0,32.0,141081248.0
-2.113077670200475,-1.0,5.0,64.0,141078240.0
-2.108783866377047,-1.0,5.0,128.0,141054656.0
-2.1052143751814913,-1.0,5.0,256.0,141033040.0
-2.103657130039723,-1.0,5.0,512.0,141024032.0
-2.104167802119965,-1.0,5.0,1024.0,141020080.0
-2.118705984043168,-1.0,2.0,0.0,140912392.93823397
-2.1219426531118875,-1.0,2.0,8.0,141038320.0
-2.1196697073494675,-1.0,2.0,16.0,141070384.0
-2.117451914213306,-1.0,2.0,32.0,141094944.0
-2.1145841696759082,-1.0,2.0,64.0,141096480.0
-2.110994737253816,-1.0,2.0,128.0,141078064.0
-2.10834422980937,-1.0,2.0,256.0,141059776.0
-2.108127401771652,-1.0,2.0,512.0,141050304.0
-2.1112755241311016,-1.0,2.0,1024.0,141042688.0
-2.118154737494797,-1.0,0.0,0.0,140898727.50755358
-2.121255198350571,-1.0,0.0,8.0,141027248.0
-2.1188709123697507,-1.0,0.0,16.0,141057424.0
-2.116506324719975,-1.0,0.0,32.0,141079248.0
-2.1134137165835805,-1.0,0.0,64.0,141075392.0
-2.1096072300321174,-1.0,0.0,128.0,141047936.0
-2.1071233033962105,-1.0,0.0,256.0,141018464.0
-2.108035522219018,-1.0,0.0,512.0,140998016.0
-2.114177816635912,-1.0,0.0,1024.0,140980960.0
-0.11589011450688042,0.0,25.0,0.0,112191598.67924368
-0.11882176906755365,0.0,25.0,8.0,112317424.0
-0.11422543682493408,0.0,25.0,16.0,112347944.0
-0.1096485843386938,0.0,25.0,32.0,112370432.0
-0.10413578277175259,0.0,25.0,64.0,112368472.0
-0.09722510487145139,0.0,25.0,128.0,112345008.0
-0.0905838738440138,0.0,25.0,256.0,112320912.0
-0.08546387233834674,0.0,25.0,512.0,112306624.0
-0.08102124141533655,0.0,25.0,1024.0,112296096.0
-0.11595296880129237,0.0,20.0,0.0,112192708.46875659
-0.11890311368124269,0.0,20.0,8.0,112318536.0
-0.11430316620945888,0.0,20.0,16.0,112349008.0
-0.10970892795038113,0.0,20.0,32.0,112371304.0
-0.10417712303917769,0.0,20.0,64.0,112369152.0
-0.09725244355990738,0.0,20.0,128.0,112345568.0
-0.09061896341980996,0.0,20.0,256.0,112321576.0
-0.0855426504766987,0.0,20.0,512.0,112307616.0
-0.0811829536244469,0.0,20.0,1024.0,112297360.0
-0.115730838954152,0.0,15.0,0.0,112188905.52369916
-0.11864481285995958,0.0,15.0,8.0,112314832.0
-0.11405516759740023,0.0,15.0,16.0,112345248.0
-0.10947787089605651,0.0,15.0,32.0,112367472.0
-0.10398075326405937,0.0,15.0,64.0,112365248.0
-0.09712848909852488,0.0,15.0,128.0,112341736.0
-0.09062481165487879,0.0,15.0,256.0,112317960.0
-0.08576407326668938,0.0,15.0,512.0,112304032.0
-0.08181402653781203,0.0,15.0,1024.0,112293616.0
-0.11591849349633955,0.0,10.0,0.0,112190741.405623
-0.11879852746950754,0.0,10.0,8.0,112316864.0
-0.11421433251357709,0.0,10.0,16.0,112347320.0
-0.10967478627307668,0.0,10.0,32.0,112369864.0
-0.10425052754431452,0.0,10.0,64.0,112368128.0
-0.09751865499502721,0.0,10.0,128.0,112344872.0
-0.09124627466002712,0.0,10.0,256.0,112320720.0
-0.08682525559896462,0.0,10.0,512.0,112305576.0
-0.0837346516777576,0.0,10.0,1024.0,112293168.0
-0.11630200500915785,0.0,5.0,0.0,112191304.36572611
-0.11885610301889761,0.0,5.0,8.0,112317240.0
-0.11417520280916027,0.0,5.0,16.0,112346208.0
-0.10955012717221885,0.0,5.0,32.0,112367088.0
-0.10416228298845544,0.0,5.0,64.0,112364216.0
-0.09768957377515598,0.0,5.0,128.0,112339824.0
-0.09201035556353189,0.0,5.0,256.0,112312856.0
-0.08885722288082909,0.0,5.0,512.0,112292720.0
-0.08857000152839001,0.0,5.0,1024.0,112273792.0
-0.11692291219478301,0.0,2.0,0.0,112194115.81637539
-0.1191841106243234,0.0,2.0,8.0,112319792.0
-0.11459794357992739,0.0,2.0,16.0,112349272.0
-0.11013554395327727,0.0,2.0,32.0,112370776.0
-0.1049638381239746,0.0,2.0,64.0,112367288.0
-0.09890863469106484,0.0,2.0,128.0,112340904.0
-0.09418784653876972,0.0,2.0,256.0,112311808.0
-0.09296241157058487,0.0,2.0,512.0,112289328.0
-0.09643459729561624,0.0,2.0,1024.0,112264088.0
-0.1153633685441599,0.0,0.0,0.0,112173611.56820492
-0.1174835899621675,0.0,0.0,8.0,112299904.0
-0.11313099688846805,0.0,0.0,16.0,112332128.0
-0.10898871987347986,0.0,0.0,32.0,112356632.0
-0.10424867257210023,0.0,0.0,64.0,112356576.0
-0.09895904560203313,0.0,0.0,128.0,112335760.0
-0.09572599121860682,0.0,0.0,256.0,112314368.0
-0.09732357642829093,0.0,0.0,512.0,112300664.0
-0.1067699083581598,0.0,0.0,1024.0,112288256.0
1.819693867482083,1.0,25.0,0.0,89906830.7899815
1.818702739890835,1.0,25.0,8.0,90031696.0
1.8268461174368373,1.0,25.0,16.0,90061888.0
1.8348138710799164,1.0,25.0,32.0,90084136.0
1.8436269798185543,1.0,25.0,64.0,90082192.0
1.854076284113356,1.0,25.0,128.0,90058784.0
1.864141748458461,1.0,25.0,256.0,90034424.0
1.8720458702646119,1.0,25.0,512.0,90019816.0
1.8788907512426625,1.0,25.0,1024.0,90009104.0
1.8195817772739218,1.0,20.0,0.0,89907865.87607846
1.8185806104954145,1.0,20.0,8.0,90032848.0
1.826693583078375,1.0,20.0,16.0,90063304.0
1.8346175738176786,1.0,20.0,32.0,90085848.0
1.8433771691237508,1.0,20.0,64.0,90084208.0
1.8537763732298986,1.0,20.0,128.0,90060960.0
1.8638007010492914,1.0,20.0,256.0,90036584.0
1.8716499046674537,1.0,20.0,512.0,90021880.0
1.8783364554693607,1.0,20.0,1024.0,90011528.0
1.8198063699335387,1.0,15.0,0.0,89905813.4610753
1.8188389017117221,1.0,15.0,8.0,90030456.0
1.8269800544616022,1.0,15.0,16.0,90060768.0
1.8349153362232875,1.0,15.0,32.0,90083248.0
1.8436730428280146,1.0,15.0,64.0,90081512.0
1.854043005878672,1.0,15.0,128.0,90058288.0
1.863914519517556,1.0,15.0,256.0,90034696.0
1.8713984769000949,1.0,15.0,512.0,90021856.0
1.8774221266378934,1.0,15.0,1024.0,90013896.0
1.8194060163931463,1.0,10.0,0.0,89908070.13918017
1.8186375487726916,1.0,10.0,8.0,90032488.0
1.8268022994304054,1.0,10.0,16.0,90062352.0
1.8348051741779292,1.0,10.0,32.0,90083824.0
1.843688812258826,1.0,10.0,64.0,90080160.0
1.8541574008787154,1.0,10.0,128.0,90054144.0
1.8638865857711184,1.0,10.0,256.0,90027472.0
1.8707553558263876,1.0,10.0,512.0,90011912.0
1.8753691435098854,1.0,10.0,1024.0,90001536.0
1.8195553448944513,1.0,5.0,0.0,89905411.29455097
1.8189156493465395,1.0,5.0,8.0,90029928.0
1.8267915516850275,1.0,5.0,16.0,90062376.0
1.8342991273005018,1.0,5.0,32.0,90087488.0
1.8424498414811326,1.0,5.0,64.0,90088128.0
1.851893356277484,1.0,5.0,128.0,90066072.0
1.8600617764763414,1.0,5.0,256.0,90042112.0
1.8641880295716438,1.0,5.0,512.0,90028016.0
1.8631570366175194,1.0,5.0,1024.0,90020864.0
1.8184024821891254,1.0,2.0,0.0,89908182.56438705
1.8185905127508837,1.0,2.0,8.0,90031104.0
1.8267907249364848,1.0,2.0,16.0,90059200.0
1.8346275127063207,1.0,2.0,32.0,90079224.0
1.842868047958479,1.0,2.0,64.0,90075552.0
1.8518284965649288,1.0,2.0,128.0,90051168.0
1.8584470998039637,1.0,2.0,256.0,90026400.0
1.859127548071684,1.0,2.0,512.0,90011472.0
1.8512605996851925,1.0,2.0,1024.0,90000408.0
1.8172017582920275,1.0,0.0,0.0,89917049.02685386
1.8180021929180645,1.0,0.0,8.0,90037544.0
1.8258487472256846,1.0,0.0,16.0,90068352.0
1.8332015146917466,1.0,0.0,32.0,90091400.0
1.8407147977627711,1.0,0.0,64.0,90091144.0
1.8484213977754251,1.0,0.0,128.0,90070344.0
1.85264347102284,1.0,0.0,256.0,90049792.0
1.8488310391976357,1.0,0.0,512.0,90039880.0
1.8321670896776288,1.0,0.0,1024.0,90034144.0
8.869982860853563,5.0,25.0,0.0,38368249.7324747
8.91274766716155,5.0,25.0,8.0,38487276.0
8.968459890880238,5.0,25.0,16.0,38516572.0
9.02288937164908,5.0,25.0,32.0,38538708.0
9.074945497064675,5.0,25.0,64.0,38538548.0
9.128945885306479,5.0,25.0,128.0,38517168.0
9.181991885560425,5.0,25.0,256.0,38492824.0
9.22640640997569,5.0,25.0,512.0,38476972.0
9.263908669165374,5.0,25.0,1024.0,38465604.0
8.869430045345258,5.0,20.0,0.0,38370828.44579965
8.912431228087978,5.0,20.0,8.0,38489424.0
8.968127059650648,5.0,20.0,16.0,38518864.0
9.022491929867977,5.0,20.0,32.0,38541248.0
9.07442728826334,5.0,20.0,64.0,38541572.0
9.128191070524732,5.0,20.0,128.0,38521076.0
9.180762213349936,5.0,20.0,256.0,38498044.0
9.224350658022878,5.0,20.0,512.0,38483700.0
9.260467280492437,5.0,20.0,1024.0,38473780.0
8.869450318487356,5.0,15.0,0.0,38370155.16714461
8.912463716179529,5.0,15.0,8.0,38488844.0
8.968091744650446,5.0,15.0,16.0,38518368.0
9.022407136158948,5.0,15.0,32.0,38540724.0
9.074323928084365,5.0,15.0,64.0,38540404.0
9.128056999825036,5.0,15.0,128.0,38518252.0
9.180582119207438,5.0,15.0,256.0,38492096.0
9.223960169461307,5.0,15.0,512.0,38472832.0
9.259003777783795,5.0,15.0,1024.0,38456132.0
8.869287253358236,5.0,10.0,0.0,38367826.58144802
8.912494091444312,5.0,10.0,8.0,38488028.0
8.968085056235783,5.0,10.0,16.0,38517204.0
9.022254078223781,5.0,10.0,32.0,38539200.0
9.07374658198808,5.0,10.0,64.0,38538900.0
9.126389927978076,5.0,10.0,128.0,38517592.0
9.176475415402516,5.0,10.0,256.0,38493404.0
9.214942450085807,5.0,10.0,512.0,38477468.0
9.240248287681027,5.0,10.0,1024.0,38466460.0
8.866667575978806,5.0,5.0,0.0,38367487.046907924
8.912551144689827,5.0,5.0,8.0,38487428.0
8.967872370021254,5.0,5.0,16.0,38516588.0
9.02147993152524,5.0,5.0,32.0,38538432.0
9.07150426836996,5.0,5.0,64.0,38538308.0
9.120560903455676,5.0,5.0,128.0,38517728.0
9.162669631136287,5.0,5.0,256.0,38495276.0
9.1856782108087,5.0,5.0,512.0,38482292.0
9.181590573998657,5.0,5.0,1024.0,38474644.0
8.8641423092412,5.0,2.0,0.0,38363004.025758855
8.91346013567778,5.0,2.0,8.0,38478752.0
8.96814551987868,5.0,2.0,16.0,38508216.0
9.020565651865539,5.0,2.0,32.0,38530016.0
9.06843782938741,5.0,2.0,64.0,38528420.0
9.113175370986328,5.0,2.0,128.0,38505208.0
9.14587076222073,5.0,2.0,256.0,38480812.0
9.148924329705155,5.0,2.0,512.0,38468632.0
9.105277712076287,5.0,2.0,1024.0,38463808.0
8.862102999720939,5.0,0.0,0.0,38366247.83817885
8.912462659652402,5.0,0.0,8.0,38484272.0
8.966621878740765,5.0,0.0,16.0,38513948.0
9.017567970050802,5.0,0.0,32.0,38536744.0
9.062313626419712,5.0,0.0,64.0,38537828.0
9.101110259457727,5.0,0.0,128.0,38519356.0
9.122198573114424,5.0,0.0,256.0,38500768.0
9.102060969705782,5.0,0.0,512.0,38493684.0
9.009594696960551,5.0,0.0,1024.0,38494768.0
13.937755505734263,10.0,25.0,0.0,14992862.578068767
14.189270431761742,10.0,25.0,8.0,15098870.0
14.421878708137466,10.0,25.0,16.0,15126583.0
14.669916238712517,10.0,25.0,32.0,15147183.0
14.912420681189964,10.0,25.0,64.0,15149833.0
15.152903384825114,10.0,25.0,128.0,15135192.0
15.400053910089513,10.0,25.0,256.0,15114184.0
15.626800196500113,10.0,25.0,512.0,15097403.0
15.8096725596215,10.0,25.0,1024.0,15084742.0
13.938290061047212,10.0,20.0,0.0,14993122.830436558
14.189099066199432,10.0,20.0,8.0,15099197.0
14.42175473432841,10.0,20.0,16.0,15127137.0
14.669906294612854,10.0,20.0,32.0,15148034.0
14.912470102782843,10.0,20.0,64.0,15151042.0
15.152637771841437,10.0,20.0,128.0,15136716.0
15.398495959085544,10.0,20.0,256.0,15115818.0
15.622024155094978,10.0,20.0,512.0,15099066.0
15.798417874933788,10.0,20.0,1024.0,15086769.0
13.937169257247506,10.0,15.0,0.0,14993084.881494297
14.18879863640276,10.0,15.0,8.0,15099746.0
14.421194078794557,10.0,15.0,16.0,15127254.0
14.668703226581425,10.0,15.0,32.0,15147615.0
14.91000759381806,10.0,15.0,64.0,15149934.0
15.148042683501458,10.0,15.0,128.0,15134970.0
15.39051325034946,10.0,15.0,256.0,15113751.0
15.60818163334768,10.0,15.0,512.0,15096683.0
15.772036652198366,10.0,15.0,1024.0,15082964.0
13.935155068725573,10.0,10.0,0.0,14990639.07201866
14.188208074259416,10.0,10.0,8.0,15095940.0
14.420079087139367,10.0,10.0,16.0,15123488.0
14.666859003689211,10.0,10.0,32.0,15144338.0
14.906728081733927,10.0,10.0,64.0,15147713.0
15.141355619670856,10.0,10.0,128.0,15133773.0
15.375464903656495,10.0,10.0,256.0,15112544.0
15.574364264092255,10.0,10.0,512.0,15093644.0
15.697811911276162,10.0,10.0,1024.0,15076865.0
13.929585532207994,10.0,5.0,0.0,14996301.737378193
14.187240295636395,10.0,5.0,8.0,15102168.0
14.418192938346312,10.0,5.0,16.0,15130524.0
14.661938449445069,10.0,5.0,32.0,15152733.0
14.894574245385193,10.0,5.0,64.0,15157137.0
15.11348691600054,10.0,5.0,128.0,15143313.0
15.31357043290634,10.0,5.0,256.0,15122337.0
15.44407227584594,10.0,5.0,512.0,15106227.0
15.43613384400706,10.0,5.0,1024.0,15096771.0
13.924959099014156,10.0,2.0,0.0,14989554.58206623
14.187043651585272,10.0,2.0,8.0,15094811.0
14.416711907281295,10.0,2.0,16.0,15122488.0
14.657432461789444,10.0,2.0,32.0,15143833.0
14.883418571736405,10.0,2.0,64.0,15148102.0
15.087217965785921,10.0,2.0,128.0,15136224.0
15.251528028665547,10.0,2.0,256.0,15119988.0
15.30557150787472,10.0,2.0,512.0,15110382.0
15.149235417524238,10.0,2.0,1024.0,15107771.0
13.919714911892871,10.0,0.0,0.0,14982202.554174792
14.189045654938848,10.0,0.0,8.0,15086572.0
14.416120949393708,10.0,0.0,16.0,15115743.0
14.6507856920948,10.0,0.0,32.0,15140268.0
14.865061881131307,10.0,0.0,64.0,15149228.0
15.045014368418482,10.0,0.0,128.0,15143390.0
15.157541170846764,10.0,0.0,256.0,15135203.0
15.100867893937743,10.0,0.0,512.0,15135726.0
14.729383074870883,10.0,0.0,1024.0,15142659.0
15.112599235528357,20.0,25.0,0.0,5272902.900864826
15.574692175588636,20.0,25.0,8.0,5348151.0
15.971664971405406,20.0,25.0,16.0,5368753.5
16.45920799547808,20.0,25.0,32.0,5383988.0
17.013132770023354,20.0,25.0,64.0,5386857.5
17.615893594308915,20.0,25.0,128.0,5383192.0
18.257911949976705,20.0,25.0,256.0,5378849.0
18.87276779214355,20.0,25.0,512.0,5375541.0
19.21353044145105,20.0,25.0,1024.0,5372470.5
15.111618679139458,20.0,20.0,0.0,5273860.316093445
15.57339812542623,20.0,20.0,8.0,5349100.0
15.969651150540983,20.0,20.0,16.0,5369640.0
16.456666501151453,20.0,20.0,32.0,5384693.5
17.010260567787462,20.0,20.0,64.0,5387471.5
17.612369734198708,20.0,20.0,128.0,5383960.5
18.252457150880538,20.0,20.0,256.0,5379913.0
18.860347247269836,20.0,20.0,512.0,5376956.5
19.18049362014243,20.0,20.0,1024.0,5374554.5
15.11159366902959,20.0,15.0,0.0,5271520.546416542
15.574417230379103,20.0,15.0,8.0,5346946.5
15.971362369084403,20.0,15.0,16.0,5367348.0
16.45868366471479,20.0,15.0,32.0,5382222.0
17.011895077472655,20.0,15.0,64.0,5385054.0
17.611999199676887,20.0,15.0,128.0,5381652.5
18.245145460293543,20.0,15.0,256.0,5377958.0
18.835885998133357,20.0,15.0,512.0,5376181.0
19.129542695482854,20.0,15.0,1024.0,5375198.5
15.110040374962619,20.0,10.0,0.0,5274844.0309337
15.574562967542729,20.0,10.0,8.0,5350473.0
15.970430204658541,20.0,10.0,16.0,5371304.0
16.45650107227565,20.0,10.0,32.0,5386719.5
17.00753973861946,20.0,10.0,64.0,5390713.5
17.602200570902454,20.0,10.0,128.0,5389756.0
18.221190180594963,20.0,10.0,256.0,5390249.0
18.77783449544312,20.0,10.0,512.0,5392923.5
18.99948601376109,20.0,10.0,1024.0,5395328.0
15.103054109802706,20.0,5.0,0.0,5275450.558849858
15.575034503639813,20.0,5.0,8.0,5352480.0
15.970516737587396,20.0,5.0,16.0,5374011.0
16.454525790721842,20.0,5.0,32.0,5390836.5
17.000295492745053,20.0,5.0,64.0,5396679.0
17.580696503862985,20.0,5.0,128.0,5397625.5
18.155800048801495,20.0,5.0,256.0,5398622.5
18.580167810035302,20.0,5.0,512.0,5399417.5
18.482723877932997,20.0,5.0,1024.0,5398612.0
15.088730971431058,20.0,2.0,0.0,5290134.8617285285
15.571951156248247,20.0,2.0,8.0,5365964.0
15.966738062708092,20.0,2.0,16.0,5389959.5
16.445776282829684,20.0,2.0,32.0,5410528.5
16.97180323688351,20.0,2.0,64.0,5421351.0
17.5015340880613,20.0,2.0,128.0,5427967.0
17.969027563355358,20.0,2.0,256.0,5433717.0
18.190291530806345,20.0,2.0,512.0,5437754.5
17.76163075125557,20.0,2.0,1024.0,5439344.5
15.078191630081214,20.0,0.0,0.0,5276645.332247163
15.572436179974108,20.0,0.0,8.0,5350952.0
15.962849840017274,20.0,0.0,16.0,5374758.0
16.431333024965724,20.0,0.0,32.0,5395040.0
16.933035813241325,20.0,0.0,64.0,5407460.0
17.403860588983314,20.0,0.0,128.0,5417072.5
17.73153498115083,20.0,0.0,256.0,5424276.0
17.69113761156747,20.0,0.0,512.0,5427839.0
16.960547273121218,20.0,0.0,1024.0,5428752.5
15.121270815445502,30.0,25.0,0.0,4299385.452995798
15.606981211967053,30.0,25.0,8.0,4365992.0
16.023254331450662,30.0,25.0,16.0,4380074.0
16.555989370376352,30.0,25.0,32.0,4390206.5
17.20157965322969,30.0,25.0,64.0,4394008.5
17.97270903063394,30.0,25.0,128.0,4394615.0
18.882459938629314,30.0,25.0,256.0,4394646.0
19.793900657305034,30.0,25.0,512.0,4394848.5
20.103943390857534,30.0,25.0,1024.0,4395083.0
15.121444228340106,30.0,20.0,0.0,4298779.187482678
15.607041672443593,30.0,20.0,8.0,4365506.0
16.023074400176043,30.0,20.0,16.0,4379850.5
16.555265953775653,30.0,20.0,32.0,4390290.5
17.198886301851314,30.0,20.0,64.0,4394416.5
17.963756937540843,30.0,20.0,128.0,4395387.0
18.85449966318378,30.0,20.0,256.0,4395434.5
19.701919175798942,30.0,20.0,512.0,4395451.0
19.83379554117742,30.0,20.0,1024.0,4395423.5
15.119311829312242,30.0,15.0,0.0,4297732.723978646
15.607259152035052,30.0,15.0,8.0,4365134.5
16.02275529511766,30.0,15.0,16.0,4379999.0
16.55299210187313,30.0,15.0,32.0,4391103.0
17.191766541078984,30.0,15.0,64.0,4395293.5
17.942486492920203,30.0,15.0,128.0,4395952.5
18.793021290271383,30.0,15.0,256.0,4395967.5
19.53131637059366,30.0,15.0,512.0,4396076.0
19.437339123185502,30.0,15.0,1024.0,4396224.0
15.118129018963039,30.0,10.0,0.0,4302987.845326812
15.606614148569943,30.0,10.0,8.0,4369997.5
16.02249900962854,30.0,10.0,16.0,4386008.5
16.555053748846923,30.0,10.0,32.0,4398142.5
17.198278859232232,30.0,10.0,64.0,4403110.0
17.95282557887582,30.0,10.0,128.0,4404230.0
18.78859280441237,30.0,10.0,256.0,4404272.5
19.42841125576637,30.0,10.0,512.0,4404263.5
19.028890026610746,30.0,10.0,1024.0,4404323.5
15.107791778966938,30.0,5.0,0.0,4297963.432465444
15.601477283555647,30.0,5.0,8.0,4365293.5
16.009910096221432,30.0,5.0,16.0,4382901.0
16.524929786618156,30.0,5.0,32.0,4396193.5
17.12937165670404,30.0,5.0,64.0,4401210.5
17.786804789233674,30.0,5.0,128.0,4402158.0
18.35852307804751,30.0,5.0,256.0,4402723.0
18.324642284779383,30.0,5.0,512.0,4403363.0
16.978414157265785,30.0,5.0,1024.0,4403764.5
15.09538285002229,30.0,2.0,0.0,4302269.110609804
15.604589688251027,30.0,2.0,8.0,4367460.0
16.018415079536478,30.0,2.0,16.0,4385629.0
16.537722914763393,30.0,2.0,32.0,4399007.5
17.133595372277178,30.0,2.0,64.0,4404812.0
17.749377854464157,30.0,2.0,128.0,4406972.0
18.209138636617258,30.0,2.0,256.0,4408158.5
17.950121370869397,30.0,2.0,512.0,4408787.5
16.290258864405796,30.0,2.0,1024.0,4408948.0
15.0842448057905,30.0,0.0,0.0,4292727.8329042215
15.594811567248746,30.0,0.0,8.0,4357635.0
15.998284054732089,30.0,0.0,16.0,4376110.5
16.50459657261206,30.0,0.0,32.0,4389136.0
17.085364927292723,30.0,0.0,64.0,4393683.0
17.676703864384905,30.0,0.0,128.0,4393906.0
18.03795712467059,30.0,0.0,256.0,4392997.5
17.44221913507626,30.0,0.0,512.0,4392304.0
15.310311935049727,30.0,0.0,1024.0,4392319.5
15.121670526176064,40.0,25.0,0.0,4203358.116447374
15.609919762578581,40.0,25.0,8.0,4269832.5
16.028285239307337,40.0,25.0,16.0,4284362.0
16.56669889118308,40.0,25.0,32.0,4294376.0
17.22430849132787,40.0,25.0,64.0,4298193.5
18.01659477762286,40.0,25.0,128.0,4298942.5
18.95367173375735,40.0,25.0,256.0,4298997.0
19.850753857994455,40.0,25.0,512.0,4299001.5
19.98086075411259,40.0,25.0,1024.0,4298977.0
15.120988077952811,40.0,20.0,0.0,4202739.786772422
15.609725608166451,40.0,20.0,8.0,4269889.5
16.028536427876464,40.0,20.0,16.0,4284861.5
16.567538507685335,40.0,20.0,32.0,4295097.5
17.226026490284625,40.0,20.0,64.0,4299042.5
18.020269219274233,40.0,20.0,128.0,4299893.0
18.961382759113178,40.0,20.0,256.0,4300123.5
19.854007567649898,40.0,20.0,512.0,4300206.5
19.91897576139258,40.0,20.0,1024.0,4300218.0
15.122166485883003,40.0,15.0,0.0,4202443.07198227
15.61123647579893,40.0,15.0,8.0,4267821.5
16.030224424770033,40.0,15.0,16.0,4283299.5
16.568941052331553,40.0,15.0,32.0,4293872.5
17.226342672551944,40.0,15.0,64.0,4297925.0
18.015714319391513,40.0,15.0,128.0,4298781.5
18.93666514334756,40.0,15.0,256.0,4298855.5
19.725205087919022,40.0,15.0,512.0,4298861.5
19.42970722012937,40.0,15.0,1024.0,4298867.5
15.11562071655084,40.0,10.0,0.0,4193934.6535277157
15.610574210223922,40.0,10.0,8.0,4257116.0
16.029543027420896,40.0,10.0,16.0,4273017.5
16.568332483232492,40.0,10.0,32.0,4284019.0
17.22713367689211,40.0,10.0,64.0,4288458.0
18.009409139905536,40.0,10.0,128.0,4289521.5
18.862120323322642,40.0,10.0,256.0,4289730.0
19.38516633723298,40.0,10.0,512.0,4289827.5
18.619319397474886,40.0,10.0,1024.0,4289893.0
15.112247527115294,40.0,5.0,0.0,4195629.286681175
15.61436206475645,40.0,5.0,8.0,4258809.0
16.03653753170247,40.0,5.0,16.0,4275705.5
16.579064033903425,40.0,5.0,32.0,4287298.5
17.227268063407223,40.0,5.0,64.0,4291777.5
17.925730334249085,40.0,5.0,128.0,4292544.5
18.43733003866518,40.0,5.0,256.0,4292697.5
18.07667534393261,40.0,5.0,512.0,4292840.5
16.315855177008306,40.0,5.0,1024.0,4292987.5
15.102196801001424,40.0,2.0,0.0,4216373.515910421
15.610656331845059,40.0,2.0,8.0,4278668.5
16.029706566634992,40.0,2.0,16.0,4296501.5
16.55768190674823,40.0,2.0,32.0,4307588.5
17.15010498061234,40.0,2.0,64.0,4310276.5
17.675944814815956,40.0,2.0,128.0,4309718.5
17.709346499667312,40.0,2.0,256.0,4309034.0
16.43737823330538,40.0,2.0,512.0,4308820.0
14.210220772014333,40.0,2.0,1024.0,4308595.5
15.086305554105056,40.0,0.0,0.0,4186874.3814776135
15.608285000485019,40.0,0.0,8.0,4248184.5
16.02547692760937,40.0,0.0,16.0,4267698.5
16.548967920623973,40.0,0.0,32.0,4280973.5
17.128066680688832,40.0,0.0,64.0,4285311.5
17.62308729996235,40.0,0.0,128.0,4285945.0
17.584715641506328,40.0,0.0,256.0,4286072.5
16.173188883988278,40.0,0.0,512.0,4286059.5
13.775015583910562,40.0,0.0,1024.0,4286056.5
15.120945750610915,50.0,25.0,0.0,4193741.6734029567
15.609694124485065,50.0,25.0,8.0,4260014.5
16.027830825456356,50.0,25.0,16.0,4274926.0
16.565937143149565,50.0,25.0,32.0,4285070.0
17.22342714449642,50.0,25.0,64.0,4288951.5
18.015657920280127,50.0,25.0,128.0,4289700.5
18.95334943258372,50.0,25.0,256.0,4289708.5
19.85081655608377,50.0,25.0,512.0,4289669.5
19.980041664902664,50.0,25.0,1024.0,4289634.5
15.121392095020154,50.0,20.0,0.0,4193091.6416479186
15.609384238467213,50.0,20.0,8.0,4259683.5
16.027437967435965,50.0,20.0,16.0,4274947.0
16.566539220805378,50.0,20.0,32.0,4285255.5
17.227865237783266,50.0,20.0,64.0,4289149.0
18.027930153508667,50.0,20.0,128.0,4289840.0
18.97585524003045,50.0,20.0,256.0,4289836.0
19.866492402078883,50.0,20.0,512.0,4289853.0
19.905159065891404,50.0,20.0,1024.0,4289839.0
15.12193088616849,50.0,15.0,0.0,4191091.9497772846
15.610703876651272,50.0,15.0,8.0,4256655.5
16.030825326406905,50.0,15.0,16.0,4272728.5
16.572795378417375,50.0,15.0,32.0,4283516.5
17.235432672928393,50.0,15.0,64.0,4287562.0
18.025892376769313,50.0,15.0,128.0,4288460.0
18.917047236213918,50.0,15.0,256.0,4288556.5
19.587445958013415,50.0,15.0,512.0,4288590.0
19.105990512290237,50.0,15.0,1024.0,4288611.0
15.119517368154504,50.0,10.0,0.0,4192991.0708530075
15.609152764335432,50.0,10.0,8.0,4257810.0
16.029542007445123,50.0,10.0,16.0,4273712.0
16.573051992772875,50.0,10.0,32.0,4284722.0
17.237313123823984,50.0,10.0,64.0,4289543.5
18.01949311646623,50.0,10.0,128.0,4290993.0
18.839699302514006,50.0,10.0,256.0,4291366.5
19.139905189313392,50.0,10.0,512.0,4291404.5
17.829260221086663,50.0,10.0,1024.0,4291431.0
15.111429472330096,50.0,5.0,0.0,4206791.515153291
15.608162502983102,50.0,5.0,8.0,4269656.5
16.02273730372219,50.0,5.0,16.0,4286460.5
16.549238459306213,50.0,5.0,32.0,4298391.0
17.16885466508032,50.0,5.0,64.0,4303556.5
17.8358331021014,50.0,5.0,128.0,4304833.0
18.345684133930924,50.0,5.0,256.0,4305149.0
17.96482069090816,50.0,5.0,512.0,4305552.0
15.982891577952607,50.0,5.0,1024.0,4305719.5
15.096280634398799,50.0,2.0,0.0,4205085.751178555
15.603976831384987,50.0,2.0,8.0,4264158.0
16.019676457106335,50.0,2.0,16.0,4282018.5
16.54778288390005,50.0,2.0,32.0,4294876.5
17.156972908546425,50.0,2.0,64.0,4299944.0
17.77145801975645,50.0,2.0,128.0,4300636.5
18.12479389323474,50.0,2.0,256.0,4300325.5
17.427514241358384,50.0,2.0,512.0,4300085.5
15.369981887885,50.0,2.0,1024.0,4299815.5
15.087135648414025,50.0,0.0,0.0,4185065.572046576
15.60622398494068,50.0,0.0,8.0,4240491.5
16.012173957812823,50.0,0.0,16.0,4256886.0
16.520175845607262,50.0,0.0,32.0,4270520.5
17.09341538604607,50.0,0.0,64.0,4273824.0
17.602601039330512,50.0,0.0,128.0,4273496.0
17.62904465269872,50.0,0.0,256.0,4273502.0
16.407851328713015,50.0,0.0,512.0,4272889.0
13.998189982805725,50.0,0.0,1024.0,4270512.5
